Title,URL
0x727/springbootexploit,https://github.com/0x727/springbootexploit
1024-lab/smart-admin,https://github.com/1024-lab/smart-admin
19misterx98/seedcrackerx,https://github.com/19misterx98/seedcrackerx
201206030/fiction_house,https://github.com/201206030/fiction_house
201206030/novel-cloud,https://github.com/201206030/novel-cloud
201206030/novel-plus,https://github.com/201206030/novel-plus
2227324689/gpmall,https://github.com/2227324689/gpmall
29jitender/spotlight,https://github.com/29jitender/spotlight
2dxgujun/androidtaggroup,https://github.com/2dxgujun/androidtaggroup
417511458/jbone,https://github.com/417511458/jbone
4pr0n/ripme,https://github.com/4pr0n/ripme
500px/500px-android-blur,https://github.com/500px/500px-android-blur
500px/greedo-layout-for-android,https://github.com/500px/greedo-layout-for-android
52inc/scoops,https://github.com/52inc/scoops
58code/argo,https://github.com/58code/argo
648540858/wvp-gb28181-pro,https://github.com/648540858/wvp-gb28181-pro
864381832/xjavafxtool,https://github.com/864381832/xJavaFxTool
a-schild/jave2,https://github.com/a-schild/jave2
a466350665/smart-sso,https://github.com/a466350665/smart-sso
aaberg/sql2o,https://github.com/aaberg/sql2o
akto-api-security/akto,https://github.com/akto-api-security/akto
alamkanak/android-week-view,https://github.com/alamkanak/android-week-view
albertlatacz/java-repl,https://github.com/albertlatacz/java-repl
alexvasilkov/foldablelayout,https://github.com/alexvasilkov/foldablelayout
alfio-event/alf.io,https://github.com/alfio-event/alf.io
ali-bouali/spring-boot-3-jwt-security,https://github.com/ali-bouali/spring-boot-3-jwt-security
alibaba/ali-dbhub,https://github.com/alibaba/ali-dbhub
alibaba/alink,https://github.com/alibaba/alink
alibaba/arouter,https://github.com/alibaba/arouter
alibaba/arthas,https://github.com/alibaba/arthas
alibaba/atlas,https://github.com/alibaba/atlas
alibaba/canal,https://github.com/alibaba/canal
alibaba/cobar,https://github.com/alibaba/cobar
alibaba/compileflow,https://github.com/alibaba/compileflow
alibaba/datax,https://github.com/alibaba/datax
alibaba/dragonwell8,https://github.com/alibaba/dragonwell8
alibaba/druid,https://github.com/alibaba/druid/wiki
alibaba/dubbo-spring-boot-starter,https://github.com/alibaba/dubbo-spring-boot-starter
alibaba/easyexcel,https://github.com/alibaba/easyexcel
alibaba/fastjson,https://github.com/alibaba/fastjson2/wiki/fastjson_1_upgrade_cn
almalence/opencamera,https://github.com/almalence/opencamera
alt236/bluetooth-le-library---android,https://github.com/alt236/bluetooth-le-library---android
altbeacon/android-beacon-library,https://github.com/altbeacon/android-beacon-library
amaembo/streamex,https://github.com/amaembo/streamex
amirzaidi/launcher3,https://github.com/amirzaidi/launcher3
amitshekhariitbhu/android-debug-database,https://github.com/amitshekhariitbhu/android-debug-database
amitshekhariitbhu/android-developer-roadmap,https://github.com/amitshekhariitbhu/android-developer-roadmap
amitshekhariitbhu/androidtensorflowmachinelearningexample,https://github.com/amitshekhariitbhu/androidtensorflowmachinelearningexample
amitshekhariitbhu/fast-android-networking,https://github.com/amitshekhariitbhu/fast-android-networking
amitshekhariitbhu/from-java-to-kotlin,https://github.com/amitshekhariitbhu/from-java-to-kotlin
amitshekhariitbhu/prdownloader,https://github.com/amitshekhariitbhu/prdownloader
amitshekhariitbhu/rxjava2-android-samples,https://github.com/amitshekhariitbhu/rxjava2-android-samples
anderweb/discreteseekbar,https://github.com/anderweb/discreteseekbar
andkulikov/transitions-everywhere,https://github.com/andkulikov/transitions-everywhere
andotp/andotp,https://github.com/andotp/andotp
andpor/react-native-sqlite-storage,https://github.com/andpor/react-native-sqlite-storage
andreid/tsnackbar,https://github.com/andreid/tsnackbar
android-async-http/android-async-http,https://github.com/android-async-http/android-async-http#this-project-is-no-longer-maintained-and-is-currently-deprecated-and-insecure-to-use
android-cn/android-open-project-demo,https://github.com/android-cn/android-open-project-demo
android-hacker/virtualxposed,https://github.com/android-hacker/virtualxposed
anton46/android-stepsview,https://github.com/anton46/android-stepsview
antoniolg/materializeyourapp,https://github.com/antoniolg/materializeyourapp
antwankakki/fabricview,https://github.com/antwankakki/fabricview
anvil-ui/anvil,https://github.com/anvil-ui/anvil
anylisten/tools-ocr,https://github.com/anylisten/tools-ocr
anysoftkeyboard/anysoftkeyboard,https://github.com/anysoftkeyboard/anysoftkeyboard
aol/cyclops,https://github.com/aol/cyclops
aol/micro-server,https://github.com/aol/micro-server
apache/amoro,https://github.com/apache/amoro
apache/cloudstack,https://github.com/apache/cloudstack
apache/datasketches-java,https://github.com/apache/datasketches-java
apache/doris,https://github.com/apache/doris
apache/drill,https://github.com/apache/drill
apache/druid,https://github.com/apache/druid
apache/dubbo,https://github.com/apache/dubbo
apache/dubbo-admin,https://github.com/apache/dubbo-admin
apache/dubbo-samples,https://github.com/apache/dubbo-samples
apache/dubbo-spring-boot-project,https://github.com/apache/dubbo-spring-boot-project
apache/eventmesh,https://github.com/apache/eventmesh
apache/flink-cdc,https://github.com/apache/flink-cdc
apache/pulsar,https://github.com/apache/pulsar
apache/rocketmq,https://github.com/apache/rocketmq
apache/rocketmq-dashboard,https://github.com/apache/rocketmq-dashboard
apache/rocketmq-spring,https://github.com/apache/rocketmq-spring
apache/seatunnel,https://github.com/apache/seatunnel
apache/servicecomb-java-chassis,https://github.com/apache/servicecomb-java-chassis
apache/servicecomb-pack,https://github.com/apache/servicecomb-pack
apache/shardingsphere,https://github.com/apache/shardingsphere
apache/shenyu,https://github.com/apache/shenyu
apilayer/restcountries,https://github.com/apilayer/restcountries
apolloconfig/apollo,https://github.com/apolloconfig/apollo
apolloconfig/apollo-use-cases,https://github.com/apolloconfig/apollo-use-cases
apollographql/apollo-android,https://github.com/apollographql/apollo-android
aporter/coursera-android,https://github.com/aporter/coursera-android
appiumtestdistribution/appiumtestdistribution,https://github.com/appiumtestdistribution/appiumtestdistribution
apple/pkl,https://github.com/apple/pkl
applikeysolutions/cosmocalendar,https://github.com/applikeysolutions/cosmocalendar
aptana/studio3,https://github.com/aptana/studio3
aragozin/jvm-tools,https://github.com/aragozin/jvm-tools
arduino/arduino,https://github.com/arduino/arduino
atool/fluent-mybatis,https://github.com/atool/fluent-mybatis
audiveris/audiveris,https://github.com/audiveris/audiveris
authorjapps/zerocode,https://github.com/authorjapps/zerocode
authorwlh/wlhbdp,https://github.com/authorwlh/wlhbdp
autohomecorp/frostmourne,https://github.com/autohomecorp/frostmourne
AutoMQ/automq,https://github.com/AutoMQ/automq
avast/android-butterknife-zelezny,https://github.com/avast/android-butterknife-zelezny
avast/android-styled-dialogs,https://github.com/avast/android-styled-dialogs
avishayil/react-native-restart,https://github.com/avishayil/react-native-restart
avjinder/minimal-todo,https://github.com/avjinder/minimal-todo
avocarrot/json2view,https://github.com/avocarrot/json2view
awaitility/awaitility,https://github.com/awaitility/awaitility
aws/serverless-java-container,https://github.com/aws/serverless-java-container
awsdocs/aws-doc-sdk-examples,https://github.com/awsdocs/aws-doc-sdk-examples
awslabs/aws-serverless-java-container,https://github.com/awslabs/aws-serverless-java-container
awspring/spring-cloud-aws,https://github.com/awspring/spring-cloud-aws
axelor/axelor-open-suite,https://github.com/axelor/axelor-open-suite
azkaban/azkaban,https://github.com/azkaban/azkaban
azoft/carousellayoutmanager,https://github.com/azoft/carousellayoutmanager
azure/azure-sdk-for-java,https://github.com/azure/azure-sdk-for-java
bcgit/bc-java,https://github.com/bcgit/bc-java
bcsl/gallerylayoutmanager,https://github.com/bcsl/gallerylayoutmanager
beanshell/beanshell,https://github.com/beanshell/beanshell
bearded-hen/android-bootstrap,https://github.com/bearded-hen/android-bootstrap
beemdevelopment/aegis,https://github.com/beemdevelopment/aegis
belaban/jgroups,https://github.com/belaban/jgroups
benfry/processing4,https://github.com/benfry/processing4
bennidi/mbassador,https://github.com/bennidi/mbassador
berndruecker/flowing-retail,https://github.com/berndruecker/flowing-retail
bigkoo/android-pickerview,https://github.com/bigkoo/android-pickerview
biglysoftware/biglybt,https://github.com/biglysoftware/biglybt
bignerdranch/expandable-recycler-view,https://github.com/bignerdranch/expandable-recycler-view
bilibili/danmakuflamemaster,https://github.com/bilibili/danmakuflamemaster
bilibili/magicasakura,https://github.com/bilibili/magicasakura
birdlark/larkmidtable,https://github.com/birdlark/larkmidtable
bisq-network/bisq,https://github.com/bisq-network/bisq
bit4woo/knife,https://github.com/bit4woo/knife
bjmashibing/internetarchitect,https://github.com/bjmashibing/internetarchitect
blackfizz/eazegraph,https://github.com/blackfizz/eazegraph
blaisewang/img2latex-mathpix,https://github.com/blaisewang/img2latex-mathpix
bwssytems/ha-bridge,https://github.com/bwssytems/ha-bridge
bytedance/alphaplayer,https://github.com/bytedance/alphaplayer
bytedance/bitsail,https://github.com/bytedance/bitsail
bytedance/bytex,https://github.com/bytedance/bytex
bytedance/codelocator,https://github.com/bytedance/codelocator
bytedeco/javacpp,https://github.com/bytedeco/javacpp
bytedeco/javacpp-presets,https://github.com/bytedeco/javacpp-presets
bytedeco/javacv,https://github.com/bytedeco/javacv
bytelegend/bytelegend,https://github.com/bytelegend/bytelegend
bz51/springboot-dubbo-docker-jenkins,https://github.com/bz51/springboot-dubbo-docker-jenkins
c0ny1/chunked-coding-converter,https://github.com/c0ny1/chunked-coding-converter
cabaletta/baritone,https://github.com/cabaletta/baritone
caffeinemc/lithium-fabric,https://github.com/caffeinemc/lithium-fabric
CaffeineMC/sodium,https://github.com/CaffeineMC/sodium
caffeinemc/sodium-fabric,https://github.com/caffeinemc/sodium-fabric
camunda/camunda-bpm-platform,https://github.com/camunda/camunda-bpm-platform
card-forge/forge,https://github.com/card-forge/forge
cardboardpowered/cardboard,https://github.com/cardboardpowered/cardboard
carguo/gsyvideoplayer,https://github.com/carguo/gsyvideoplayer
carlrobertoh/codegpt,https://github.com/carlrobertoh/codegpt
chewiebug/gcviewer,https://github.com/chewiebug/GCViewer/wiki
chillzhuang/blade-tool,https://github.com/chillzhuang/blade-tool
chillzhuang/springblade,https://github.com/chillzhuang/springblade
chinalwb/android-rich-text-editor,https://github.com/chinalwb/android-rich-text-editor
chrisbanes/android-pulltorefresh,https://github.com/chrisbanes/android-pulltorefresh
chrisjenx/calligraphy,https://github.com/chrisjenx/calligraphy
chrisrenke/drawerarrowdrawable,https://github.com/chrisrenke/drawerarrowdrawable
christophetd/log4shell-vulnerable-app,https://github.com/christophetd/log4shell-vulnerable-app
chthai64/swipereveallayout,https://github.com/chthai64/swipereveallayout
cincheo/jsweet,https://github.com/cincheo/jsweet
citerus/dddsample-core,https://github.com/citerus/dddsample-core
cjlin1/libsvm,https://github.com/cjlin1/libsvm
clans/floatingactionbutton,https://github.com/clans/floatingactionbutton
claritylab/lucida,https://github.com/claritylab/lucida
classgraph/classgraph,https://github.com/classgraph/classgraph
cleveroad/slidingtutorial-android,https://github.com/cleveroad/slidingtutorial-android
cleveroad/waveinapp,https://github.com/cleveroad/waveinapp
clickhouse/clickhouse-java,https://github.com/clickhouse/clickhouse-java
clickhouse/clickhouse-jdbc,https://github.com/clickhouse/clickhouse-jdbc
cloudera/flume,https://github.com/cloudera/flume
cprcrack/videoenabledwebview,https://github.com/cprcrack/videoenabledwebview
crawlscript/webcollector,https://github.com/CrawlScript/WebCollector
crazycodeboy/react-native-splash-screen,https://github.com/crazycodeboy/react-native-splash-screen
crazycodeboy/takephoto,https://github.com/crazycodeboy/takephoto
creators-of-create/create,https://github.com/creators-of-create/create
crmeb/crmeb_java,https://github.com/crmeb/crmeb_java
crossbario/autobahn-java,https://github.com/crossbario/autobahn-java
crossoverjie/cim,https://github.com/crossoverjie/cim
crossoverjie/jcsprout,https://github.com/crossoverjie/jcsprout
crosswalk-project/cordova-plugin-crosswalk-webview,https://github.com/crosswalk-project/cordova-plugin-crosswalk-webview
csploit/android,https://github.com/csploit/android
ctongfei/progressbar,https://github.com/ctongfei/progressbar
ctripcorp/apollo,https://github.com/ctripcorp/apollo
ctripcorp/x-pipe,https://github.com/ctripcorp/x-pipe
cundong/headerandfooterrecyclerview,https://github.com/cundong/headerandfooterrecyclerview
curzibn/luban,https://github.com/curzibn/luban
cutta/gifview,https://github.com/cutta/gifview
cymcsg/ultimateandroid,https://github.com/cymcsg/ultimateandroid
cymcsg/ultimaterecyclerview,https://github.com/cymcsg/ultimaterecyclerview
czy1121/settingscompat,https://github.com/czy1121/settingscompat
davidfantasy/mybatis-plus-generator-ui,https://github.com/davidfantasy/mybatis-plus-generator-ui
davidmoten/rtree,https://github.com/davidmoten/rtree
davidmoten/rxjava-jdbc,https://github.com/davidmoten/rxjava-jdbc
davidohayon669/react-native-youtube,https://github.com/davidohayon669/react-native-youtube
dbeaver/dbeaver,https://github.com/dbeaver/dbeaver
ddd-by-examples/factory,https://github.com/ddd-by-examples/factory
ddd-by-examples/library,https://github.com/ddd-by-examples/library
deano2390/materialshowcaseview,https://github.com/deano2390/materialshowcaseview
deathmarine/luyten,https://github.com/deathmarine/luyten
debezium/debezium,https://github.com/debezium/debezium
decaywood/xueqiusuperspider,https://github.com/decaywood/xueqiusuperspider
deeplearning4j/deeplearning4j,https://github.com/deeplearning4j/deeplearning4j
deeplearning4j/deeplearning4j-examples,https://github.com/deeplearning4j/deeplearning4j-examples
derekyrc/mini-spring,https://github.com/DerekYRC/mini-spring
developer-shivam/crescento,https://github.com/developer-shivam/crescento
developersu/ns-usbloader,https://github.com/developersu/ns-usbloader
devgianlu/aria2app,https://github.com/devgianlu/aria2app
devlight/infinitecycleviewpager,https://github.com/devlight/infinitecycleviewpager
devlight/navigationtabbar,https://github.com/devlight/navigationtabbar
devunwired/recyclerview-playground,https://github.com/devunwired/recyclerview-playground
dmytrodanylyk/circular-progress-button,https://github.com/dmytrodanylyk/circular-progress-button
dmytrodanylyk/shadow-layout,https://github.com/dmytrodanylyk/shadow-layout
docile-alligator/infinity-for-reddit,https://github.com/docile-alligator/infinity-for-reddit
dodola/hotfix,https://github.com/dodola/hotfix
dodola/metaballloading,https://github.com/dodola/metaballloading
dodola/rocoofix,https://github.com/dodola/rocoofix
dodola/weexone,https://github.com/dodola/weexone
doikki/dkvideoplayer,https://github.com/doikki/dkvideoplayer
dom4j/dom4j,https://github.com/dom4j/dom4j
don/cordova-plugin-ble-central,https://github.com/don/cordova-plugin-ble-central
donglua/photopicker,https://github.com/donglua/photopicker
donkingliang/consecutivescroller,https://github.com/donkingliang/consecutivescroller
donkingliang/labelsview,https://github.com/donkingliang/labelsview
dragonetmc/dragonproxy,https://github.com/dragonetmc/dragonproxy
dragonwell-project/dragonwell8,https://github.com/dragonwell-project/dragonwell8
dreamhead/moco,https://github.com/dreamhead/moco
drewnoakes/metadata-extractor,https://github.com/drewnoakes/metadata-extractor
droidpluginteam/droidplugin,https://github.com/droidpluginteam/droidplugin
dromara/chatgpt,https://github.com/dromara/chatgpt
dromara/dynamic-tp,https://github.com/dromara/dynamic-tp
dunwu/db-tutorial,https://github.com/dunwu/db-tutorial
dunwu/java-tutorial,https://github.com/dunwu/java-tutorial
dv8fromtheworld/jda,https://github.com/dv8fromtheworld/jda
dybarsky/spots-dialog,https://github.com/dybarsky/spots-dialog
earthcomputer/clientcommands,https://github.com/earthcomputer/clientcommands
earthcomputer/enchantmentcracker,https://github.com/earthcomputer/enchantmentcracker
ebean-orm/ebean,https://github.com/ebean-orm/ebean
eclipse-archived/smarthome,https://github.com/eclipse-archived/smarthome
eclipse-color-theme/eclipse-color-theme,https://github.com/eclipse-color-theme/eclipse-color-theme
eclipse-openj9/openj9,https://github.com/eclipse-openj9/openj9
eclipse-vertx/vert.x,https://github.com/eclipse-vertx/vert.x
eclipse/deeplearning4j,https://github.com/eclipse/deeplearning4j
eclipse/deeplearning4j-examples,https://github.com/eclipse/deeplearning4j-examples
eclipse/milo,https://github.com/eclipse/milo
eclipse/openj9,https://github.com/eclipse/openj9
eclipse/openvsx,https://github.com/eclipse/openvsx
eclipse/paho.mqtt.android,https://github.com/eclipse/paho.mqtt.android
eclipse/paho.mqtt.java,https://github.com/eclipse/paho.mqtt.java
egzosn/pay-java-parent,https://github.com/egzosn/pay-java-parent
ehcache/ehcache3,https://github.com/ehcache/ehcache3
etcd-io/jetcd,https://github.com/etcd-io/jetcd
ethereum/ethereumj,https://github.com/ethereum/ethereumj
eugenp/tutorials,https://github.com/eugenp/tutorials
evant/binding-collection-adapter,https://github.com/evant/binding-collection-adapter
eventuate-local/eventuate-local,https://github.com/eventuate-local/eventuate-local
eventuate-tram/eventuate-tram-core,https://github.com/eventuate-tram/eventuate-tram-core
eventuate-tram/eventuate-tram-sagas,https://github.com/eventuate-tram/eventuate-tram-sagas
everit-org/json-schema,https://github.com/everit-org/json-schema
evernote/android-job,https://github.com/evernote/android-job
evollu/react-native-fcm,https://github.com/evollu/react-native-fcm
evrencoskun/tableview,https://github.com/evrencoskun/tableview
exalab/anlinux-app,https://github.com/exalab/anlinux-app
exchange-core/exchange-core,https://github.com/exchange-core/exchange-core
exrick/xboot,https://github.com/exrick/xboot
exrick/xmall,https://github.com/exrick/xmall
exrick/xpay,https://github.com/exrick/xpay
ezylang/evalex,https://github.com/ezylang/evalex
f2prateek/dart,https://github.com/f2prateek/dart
f2prateek/rx-preferences,https://github.com/f2prateek/rx-preferences
fabianterhorst/isometric,https://github.com/fabianterhorst/isometric
felipecsl/asymmetricgridview,https://github.com/felipecsl/asymmetricgridview
fengjundev/android-skin-loader,https://github.com/fengjundev/android-skin-loader
fenjuly/toggleexpandlayout,https://github.com/fenjuly/toggleexpandlayout
find-sec-bugs/find-sec-bugs,https://github.com/find-sec-bugs/find-sec-bugs
firebase/firebase-android-sdk,https://github.com/firebase/firebase-android-sdk
firesuncn/wechatenhancement,https://github.com/firesuncn/wechatenhancement
fishercoder1534/leetcode,https://github.com/fishercoder1534/leetcode
fishwjy/multitype-filepicker,https://github.com/fishwjy/multitype-filepicker
flavioarfaria/kenburnsview,https://github.com/flavioarfaria/kenburnsview
flipboard/bottomsheet,https://github.com/flipboard/bottomsheet
flipkart-incubator/proteus,https://github.com/flipkart-incubator/proteus
florent37/materialviewpager,https://github.com/florent37/materialviewpager
florent37/singledateandtimepicker,https://github.com/florent37/singledateandtimepicker
florent37/viewanimator,https://github.com/florent37/viewanimator
flowable/flowable-engine,https://github.com/flowable/flowable-engine
flowci/flow-core-x,https://github.com/flowci/flow-core-x
fluentlenium/fluentlenium,https://github.com/fluentlenium/fluentlenium
flutter/flutter-intellij,https://github.com/flutter/flutter-intellij
fluttercommunity/flutter_webview_plugin,https://github.com/fluttercommunity/flutter_webview_plugin
flyingsaucerproject/flyingsaucer,https://github.com/flyingsaucerproject/flyingsaucer
gaul/s3proxy,https://github.com/gaul/s3proxy
gauravk95/bubble-navigation,https://github.com/gauravk95/bubble-navigation
gazbert/bxbot,https://github.com/gazbert/bxbot
gcacace/android-signaturepad,https://github.com/gcacace/android-signaturepad
gchq/gaffer,https://github.com/gchq/gaffer
gcssloop/pager-layoutmanager,https://github.com/gcssloop/pager-layoutmanager
gcx-hci/thirtyinch,https://github.com/gcx-hci/thirtyinch
gcx-hci/tray,https://github.com/gcx-hci/tray
geekidea/spring-boot-plus,https://github.com/geekidea/spring-boot-plus
gelitenight/waveview,https://github.com/gelitenight/waveview
genymobile/gnirehtet,https://github.com/genymobile/gnirehtet
geoserver/geoserver,https://github.com/geoserver/geoserver
geotools/geotools,https://github.com/geotools/geotools
gephi/gephi,https://github.com/gephi/gephi
getactivity/easywindow,https://github.com/getactivity/easywindow
geysermc/geyser,https://github.com/geysermc/geyser
gitlab4j/gitlab4j-api,https://github.com/gitlab4j/gitlab4j-api
gitlqr/lqrwechat,https://github.com/gitlqr/lqrwechat
gjiazhe/panoramaimageview,https://github.com/gjiazhe/panoramaimageview
glowroot/glowroot,https://github.com/glowroot/glowroot
google/hover,https://github.com/google/hover
google/j2objc,https://github.com/google/j2objc
google/open-location-code,https://github.com/google/open-location-code
google/tink,https://github.com/google/tink
google/truth,https://github.com/google/truth
google/tsunami-security-scanner,https://github.com/google/tsunami-security-scanner
google/tsunami-security-scanner-plugins,https://github.com/google/tsunami-security-scanner-plugins
google/volley,https://github.com/google/volley
googlearchive/chromium-webview-samples,https://github.com/googlearchive/chromium-webview-samples
googlechrome/custom-tabs-client,https://github.com/googlechrome/custom-tabs-client
googlecloudplatform/bank-of-anthos,https://github.com/googlecloudplatform/bank-of-anthos
googlecontainertools/jib,https://github.com/googlecontainertools/jib
googlellp/supermarket,https://github.com/googlellp/supermarket
googlemaps-samples/android-samples,https://github.com/googlemaps-samples/android-samples
googlemaps/android-samples,https://github.com/googlemaps/android-samples
googlemaps/google-maps-services-java,https://github.com/googlemaps/google-maps-services-java
googlesamples/android-testing-templates,https://github.com/googlesamples/android-testing-templates
googlesamples/android-vision,https://github.com/firebase/quickstart-android/tree/master/mlkit
googlesamples/easypermissions,https://github.com/googlesamples/easypermissions
googlesamples/google-services,https://github.com/googlesamples/google-services
guardianproject/haven,https://github.com/guardianproject/haven
guardianproject/orbot,https://github.com/guardianproject/orbot
guchengwuyue/yshopmall,https://github.com/guchengwuyue/yshopmall
gumtreediff/gumtree,https://github.com/GumTreeDiff/gumtree/wiki
gunnarmorling/1brc,https://github.com/gunnarmorling/1brc
guoguibing/librec,https://github.com/guoguibing/librec
guolindev/giffun,https://github.com/guolindev/giffun
guolindev/litepal,https://github.com/guolindev/litepal
gyoogle/tech-interview-for-developer,https://github.com/gyoogle/tech-interview-for-developer
h07000223/flycodialog_master,https://github.com/h07000223/flycodialog_master
h07000223/flycosystembar,https://github.com/h07000223/flycosystembar
h07000223/flycotablayout,https://github.com/h07000223/flycotablayout
h2oai/h2o-2,https://github.com/h2oai/h2o-2
h6ah4i/android-advancedrecyclerview,https://github.com/h6ah4i/android-advancedrecyclerview
habuma/spring-in-action-5-samples,https://github.com/habuma/spring-in-action-5-samples
hackplan/androidcharts,https://github.com/hackplan/androidcharts
halirutan/intellij-key-promoter-x,https://github.com/halirutan/intellij-key-promoter-x
halysongoncalves/pugnotification,https://github.com/halysongoncalves/pugnotification
hamcrest/javahamcrest,https://github.com/hamcrest/javahamcrest
hanhailong/flowtag,https://github.com/hanhailong/flowtag
hellochenjinjun/newfastframe,https://github.com/hellochenjinjun/newfastframe
hellokaton/30-seconds-of-java8,https://github.com/hellokaton/30-seconds-of-java8
henrytao-me/smooth-app-bar-layout,https://github.com/henrytao-me/smooth-app-bar-layout
henryyan/activiti-in-action-codes,https://github.com/henryyan/activiti-in-action-codes
heruoxin/clip-stack,https://github.com/heruoxin/clip-stack
heysupratim/materialdaterangepicker,https://github.com/heysupratim/materialdaterangepicker
hierynomus/sshj,https://github.com/hierynomus/sshj
hiparker/opsli-boot,https://github.com/hiparker/opsli-boot
hitherejoe/android-boilerplate,https://github.com/hitherejoe/android-boilerplate
hivemq/hivemq-community-edition,https://github.com/hivemq/hivemq-community-edition
HMCL-dev/HMCL,https://github.com/HMCL-dev/HMCL
hncboy/ai-beehive,https://github.com/hncboy/ai-beehive
hncboy/chatgpt-web-java,https://github.com/hncboy/chatgpt-web-java
hneemann/digital,https://github.com/hneemann/digital
hoang8f/android-flat-button,https://github.com/hoang8f/android-flat-button
hollingsworthd/jBrowserDriver,https://github.com/hollingsworthd/jBrowserDriver
hongyangandroid/android-percent-support-extend,https://github.com/hongyangandroid/android-percent-support-extend
hongyangandroid/android-stickynavlayout,https://github.com/hongyangandroid/android-stickynavlayout
hongyangandroid/androidautolayout,https://github.com/hongyangandroid/androidautolayout
hongyangandroid/androidchangeskin,https://github.com/hongyangandroid/androidchangeskin
hugeterry/coordinatortablayout,https://github.com/hugeterry/coordinatortablayout
hxrui/youlai-mall,https://github.com/hxrui/youlai-mall
hyb1996/auto.js,https://github.com/hyb1996/auto.js
hyperledger-web3j/web3j,https://github.com/hyperledger-web3j/web3j
hyperledger/web3j,https://github.com/hyperledger/web3j
i2p/i2p.i2p,https://github.com/i2p/i2p.i2p
ibcalpha/ibc,https://github.com/ibcalpha/ibc
ict-bda/easyml,https://github.com/ict-bda/easyml
Idean/sonar-swift,https://github.com/Idean/sonar-swift
igalia/wolvic,https://github.com/igalia/wolvic
igniterealtime/openfire,https://github.com/igniterealtime/openfire
igniterealtime/smack,https://github.com/igniterealtime/smack
igreenwood/simplecropview,https://github.com/igreenwood/simplecropview
iiitv/algos,https://github.com/iiitv/algos
iiordanov/remote-desktop-clients,https://github.com/iiordanov/remote-desktop-clients
ikew0ng/swipebacklayout,https://github.com/ikew0ng/swipebacklayout
iluwatar/30-seconds-of-java,https://github.com/iluwatar/30-seconds-of-java
iluwatar/java-design-patterns,https://github.com/iluwatar/java-design-patterns
imbryk/loopingviewpager,https://github.com/imbryk/loopingviewpager
impetus/kundera,https://github.com/impetus/kundera
iqiyi/qigsaw,https://github.com/iqiyi/qigsaw
irisshaders/iris,https://github.com/irisshaders/iris
isafeblue/trackray,https://github.com/isafeblue/trackray
ischwarz23/sortabletableview,https://github.com/ischwarz23/sortabletableview
itext/itext-java,https://github.com/itext/itext-java
itext/itext7,https://github.com/itext/itext7
itfsw/mybatis-generator-plugin,https://github.com/itfsw/mybatis-generator-plugin
ittianyu/bottomnavigationviewex,https://github.com/ittianyu/bottomnavigationviewex
ivacf/archi,https://github.com/ivacf/archi
iwgang/countdownview,https://github.com/iwgang/countdownview
ixrjog/opscloud4,https://github.com/ixrjog/opscloud4
izzelaliz/arclight,https://github.com/izzelaliz/arclight
j-easy/easy-random,https://github.com/j-easy/easy-random/wiki
j-easy/easy-rules,https://github.com/j-easy/easy-rules/wiki
j256/ormlite-android,https://github.com/j256/ormlite-android
j4velin/pedometer,https://github.com/j4velin/pedometer
jabref/jabref,https://github.com/jabref/jabref
jackjiang2011/beautyeye,https://github.com/jackjiang2011/beautyeye
jackpal/android-terminal-emulator,https://github.com/jackpal/android-terminal-emulator
jacksgong/jkeyboardpanelswitch,https://github.com/jacksgong/jkeyboardpanelswitch
java-diff-utils/java-diff-utils,https://github.com/java-diff-utils/java-diff-utils
java-edge/java-concurrency-progamming-tutorial,https://github.com/java-edge/java-concurrency-progamming-tutorial
java-json-tools/json-schema-validator,https://github.com/java-json-tools/json-schema-validator
java-native-access/jna,https://github.com/java-native-access/jna
java110/microcommunity,https://github.com/java110/microcommunity
java8/java8inaction,https://github.com/java8/java8inaction
javacc/javacc,https://github.com/javacc/javacc
javaee-samples/javaee7-samples,https://github.com/javaee-samples/javaee7-samples
javagrowing/jgrowing,https://github.com/javagrowing/jgrowing
javahongxi/whatsmars,https://github.com/javahongxi/whatsmars
javalite/javalite,https://github.com/javalite/javalite
javamelody/javamelody,https://github.com/javamelody/javamelody
javanoober/backgroundlibrary,https://github.com/javanoober/backgroundlibrary
javaparser/javaparser,https://github.com/javaparser/javaparser
javastacks/spring-boot-best-practice,https://github.com/javastacks/spring-boot-best-practice
javers/javers,https://github.com/javers/javers
javiersantos/appupdater,https://github.com/javiersantos/appupdater
jay-goo/rangeseekbar,https://github.com/jay-goo/rangeseekbar
jbake-org/jbake,https://github.com/jbake-org/jbake
jbangdev/jbang,https://github.com/jbangdev/jbang
jenetics/jenetics,https://github.com/jenetics/jenetics
jenkinsci/gitlab-plugin,https://github.com/jenkinsci/gitlab-plugin
jenkinsci/java-client-api,https://github.com/jenkinsci/java-client-api
jeremyliao/liveeventbus,https://github.com/jeremyliao/liveeventbus
jeremylong/dependencycheck,https://github.com/jeremylong/dependencycheck
jeresig/processing-js,https://github.com/jeresig/processing-js
jeroenmols/landscapevideocamera,https://github.com/jeroenmols/landscapevideocamera
jessyancoding/progressmanager,https://github.com/jessyancoding/progressmanager
jessyancoding/retrofiturlmanager,https://github.com/jessyancoding/retrofiturlmanager
jetbrains/jetbrainsruntime,https://github.com/jetbrains/jetbrainsruntime
jetbrains/skija,https://github.com/jetbrains/skija
jetbrains/xodus,https://github.com/jetbrains/xodus
jetlinks/jetlinks-community,https://github.com/jetlinks/jetlinks-community
jfaster/mango,https://github.com/jfaster/mango
jfeinstein10/jazzyviewpager,https://github.com/jfeinstein10/jazzyviewpager
jfeinstein10/slidingmenu,https://github.com/jfeinstein10/slidingmenu
jfoenixadmin/jfoenix,https://github.com/jfoenixadmin/jfoenix
jfree/jfreechart,https://github.com/jfree/jfreechart
jgilfelt/android-mapviewballoons,https://github.com/jgilfelt/android-mapviewballoons
jgilfelt/android-sqlite-asset-helper,https://github.com/jgilfelt/android-sqlite-asset-helper
jnr/jnr-ffi,https://github.com/jnr/jnr-ffi
joanzapata/android-pdfview,https://github.com/joanzapata/android-pdfview
joanzapata/base-adapter-helper,https://github.com/joanzapata/base-adapter-helper
jobrunr/jobrunr,https://github.com/jobrunr/jobrunr
joelittlejohn/jsonschema2pojo,https://github.com/joelittlejohn/jsonschema2pojo
john990/waveview,https://github.com/john990/waveview
johnkil/android-appmsg,https://github.com/johnkil/android-appmsg
johnkil/android-progressfragment,https://github.com/johnkil/android-progressfragment
johnpersano/supertoasts,https://github.com/johnpersano/supertoasts
jonashackt/spring-boot-vuejs,https://github.com/jonashackt/spring-boot-vuejs
jonathanlink/pdflayouttextstripper,https://github.com/jonathanlink/pdflayouttextstripper
jooq/joor,https://github.com/jooq/joor
jorgecastilloprz/androidfillableloaders,https://github.com/jorgecastilloprz/androidfillableloaders
joscha/play-authenticate,https://github.com/joscha/play-authenticate
journaldev/journaldev,https://github.com/journaldev/journaldev
jpardogo/googleprogressbar,https://github.com/jpardogo/googleprogressbar
jphp-group/jphp,https://github.com/jphp-group/jphp
jplag/jplag,https://github.com/jplag/jplag
jprante/elasticsearch-jdbc,https://github.com/jprante/elasticsearch-jdbc
jreleaser/jreleaser,https://github.com/jreleaser/jreleaser
kagkarlsson/db-scheduler,https://github.com/kagkarlsson/db-scheduler
kairosdb/kairosdb,https://github.com/kairosdb/kairosdb
kaitoy/pcap4j,https://github.com/kaitoy/pcap4j
kaiwaehner/kafka-streams-machine-learning-examples,https://github.com/kaiwaehner/kafka-streams-machine-learning-examples
kakajika/fragmentanimations,https://github.com/kakajika/fragmentanimations
kakajika/swipeawaydialog,https://github.com/kakajika/swipeawaydialog
kalessil/phpinspectionsea,https://github.com/kalessil/phpinspectionsea
kanytu/android-parallax-recyclerview,https://github.com/kanytu/android-parallax-recyclerview
kaopiz/kprogresshud,https://github.com/kaopiz/kprogresshud
karatelabs/karate,https://github.com/karatelabs/karate
karma9874/androrat,https://github.com/karma9874/androrat
katzer/cordova-plugin-background-mode,https://github.com/katzer/cordova-plugin-background-mode
katzer/cordova-plugin-local-notifications,https://github.com/katzer/cordova-plugin-local-notifications
kaushikgopal/rxjava-android-samples,https://github.com/kaushikgopal/rxjava-android-samples
kawhii/sso,https://github.com/kawhii/sso
kdn251/interviews,https://github.com/kdn251/interviews
keepsafe/relinker,https://github.com/keepsafe/relinker
kermitt2/grobid,https://github.com/kermitt2/grobid
kevin-wayne/algs4,https://github.com/kevin-wayne/algs4
kevinsawicki/http-request,https://github.com/kevinsawicki/http-request
laobie/statusbarutil,https://github.com/laobie/statusbarutil
larsgeorge/hbase-book,https://github.com/larsgeorge/hbase-book
larswerkman/holocolorpicker,https://github.com/larswerkman/holocolorpicker
lawnchairlauncher/lawnchair,https://github.com/lawnchairlauncher/lawnchair
lbryio/lbry-android,https://github.com/lbryio/lbry-android
lcm-proj/lcm,https://github.com/lcm-proj/lcm
lcodecorex/twinklingrefreshlayout,https://github.com/lcodecorex/twinklingrefreshlayout
leangen/graphql-spqr,https://github.com/leangen/graphql-spqr
leibnitz27/cfr,https://github.com/leibnitz27/cfr
leinardi/floatingactionbuttonspeeddial,https://github.com/leinardi/floatingactionbuttonspeeddial
lenskit/lenskit,https://github.com/lenskit/lenskit
leolin310148/shortcutbadger,https://github.com/leolin310148/shortcutbadger
leonardoz/java-concurrency-patterns,https://github.com/leonardoz/java-concurrency-patterns
leonchen83/redis-replicator,https://github.com/leonchen83/redis-replicator
lerry903/ruoyi,https://github.com/lerry903/ruoyi
lettuce-io/lettuce-core,https://github.com/lettuce-io/lettuce-core
lgvalle/material-animations,https://github.com/lgvalle/material-animations
li-xiaojun/xpopup,https://github.com/li-xiaojun/xpopup
liangfeidotme/masteringandroiddatabinding,https://github.com/liangfeidotme/masteringandroiddatabinding
liaochong/myexcel,https://github.com/liaochong/myexcel/wiki
linkedin/databus,https://github.com/linkedin/databus
linkedin/dr-elephant,https://github.com/linkedin/dr-elephant
linkedin/indextank-engine,https://github.com/linkedin/indextank-engine
linkedin/kafka-monitor,https://github.com/linkedin/kafka-monitor
linkedin/parseq,https://github.com/linkedin/parseq
linkedin/rest.li,https://github.com/linkedin/rest.li
linlinjava/litemall,https://github.com/linlinjava/litemall
linshunkang/myperf4j,https://github.com/linshunkang/myperf4j
lionsoul2014/jcseg,https://github.com/lionsoul2014/jcseg
lipangit/jiaozivideoplayer,https://github.com/lipangit/jiaozivideoplayer
liquibase/liquibase,https://github.com/liquibase/liquibase
lisawray/groupie,https://github.com/lisawray/groupie
litepalframework/litepal,https://github.com/litepalframework/litepal
litesuits/android-common,https://github.com/litesuits/android-common
litesuits/android-lite-http,https://github.com/litesuits/android-lite-http
litesuits/android-lite-orm,https://github.com/litesuits/android-lite-orm
liuguangqiang/swipeback,https://github.com/liuguangqiang/swipeback
liujingxing/okhttp-rxhttp,https://github.com/liujingxing/okhttp-rxhttp
liuling07/simplenews,https://github.com/liuling07/SimpleNews/raw/master/SimpleNews.apk
liuweijw/fw-cloud-framework,https://github.com/liuweijw/fw-cloud-framework
luckperms/luckperms,https://github.com/luckperms/luckperms
lucksiege/pictureselector,https://github.com/lucksiege/pictureselector
luckybilly/cc,https://github.com/luckybilly/cc
luckyjayce/largeimage,https://github.com/luckyjayce/largeimage
lugg/react-native-config,https://github.com/lugg/react-native-config
luggit/react-native-config,https://github.com/luggit/react-native-config
lukas-krecan/shedlock,https://github.com/lukas-krecan/shedlock
lukeaschenbrenner/txtnet-browser,https://github.com/lukeaschenbrenner/txtnet-browser
lukedeighton/wheelview,https://github.com/lukedeighton/wheelview
luojilab/ddcomponentforandroid,https://github.com/luojilab/ddcomponentforandroid
luontola/retrolambda,https://github.com/luontola/retrolambda
luoye663/e5,https://github.com/luoye663/e5
lviggiano/owner,https://github.com/lviggiano/owner
lz4/lz4-java,https://github.com/lz4/lz4-java
mabaiwan/hippo4j,https://github.com/mabaiwan/hippo4j
machinepublishers/jbrowserdriver,https://github.com/machinepublishers/jbrowserdriver
macrozheng/mall,https://github.com/macrozheng/mall
macrozheng/mall-swarm,https://github.com/macrozheng/mall-swarm
macrozheng/mall-tiny,https://github.com/macrozheng/mall-tiny
magefree/mage,https://github.com/magefree/mage
markushi/android-ui,https://github.com/markushi/android-ui
markzhai/androidperformancemonitor,https://github.com/markzhai/androidperformancemonitor
marquezproject/marquez,https://github.com/marquezproject/marquez
marswin/marsdaemon,https://github.com/marswin/marsdaemon
matevip/matecloud,https://github.com/matevip/matecloud
mathew-kurian/textjustify-android,https://github.com/bluejamesbond/TextJustify-Android/wiki
matteobaccan/owner,https://github.com/matteobaccan/owner
maxwin-z/xlistview-android,https://github.com/maxwin-z/xlistview-android
mc1arke/sonarqube-community-branch-plugin,https://github.com/mc1arke/sonarqube-community-branch-plugin
mcmmo-dev/mcmmo,https://github.com/mcmmo-dev/mcmmo
mcreator/mcreator,https://github.com/mcreator/mcreator
mcxiaoke/packer-ng-plugin,https://github.com/mcxiaoke
mcxtzhang/animshopbutton,https://github.com/mcxtzhang/animshopbutton
mcxtzhang/swipedelmenulayout,https://github.com/mcxtzhang/swipedelmenulayout
mdg-iitr/rotatingtext,https://github.com/mdg-iitr/rotatingtext
me-no-dev/espexceptiondecoder,https://github.com/me-no-dev/espexceptiondecoder
medcl/elasticsearch-analysis-ik,https://github.com/medcl/elasticsearch-analysis-ik
medcl/elasticsearch-analysis-pinyin,https://github.com/medcl/elasticsearch-analysis-pinyin
mediathekview/mediathekview,https://github.com/mediathekview/mediathekview
meituan-dianping/leaf,https://github.com/meituan-dianping/leaf
microsoft/mssql-jdbc,https://github.com/microsoft/mssql-jdbc
miguelcatalan/materialsearchview,https://github.com/miguelcatalan/materialsearchview
miguelhincapie/CustomBottomSheetBehavior,https://github.com/miguelhincapie/CustomBottomSheetBehavior
mihaip/dex-method-counts,https://github.com/mihaip/dex-method-counts
mimno/mallet,https://github.com/mimno/mallet
mindorksopensource/android-developer-roadmap,https://github.com/mindorksopensource/android-developer-roadmap
mindorksopensource/android-interview-questions,https://github.com/mindorksopensource/android-interview-questions
mindorksopensource/android-mvp-architecture,https://github.com/mindorksopensource/android-mvp-architecture
mindorksopensource/android-mvvm-architecture,https://github.com/mindorksopensource/android-mvvm-architecture
mindorksopensource/androidtensorflowmachinelearningexample,https://github.com/mindorksopensource/androidtensorflowmachinelearningexample
mindorksopensource/from-java-to-kotlin,https://github.com/mindorksopensource/from-java-to-kotlin
mindorksopensource/prdownloader,https://github.com/mindorksopensource/prdownloader
minecraftforge/minecraftforge,https://github.com/minecraftforge/minecraftforge
minedojo/minedojo,https://github.com/minedojo/minedojo
mipushframework/mipushframework,https://github.com/mipushframework/mipushframework
misakuo/3dtagcloudandroid,https://github.com/misakuo/3dtagcloudandroid
mission-peace/interview,https://github.com/mission-peace/interview
mit-cml/appinventor-sources,https://github.com/mit-cml/appinventor-sources
mitreid-connect/openid-connect-java-spring-server,https://github.com/mitreid-connect/openid-connect-java-spring-server
mixi-inc/androidtraining,https://github.com/mixi-inc/androidtraining
msgpack/msgpack-java,https://github.com/msgpack/msgpack-java
mttkay/droid-fu,https://github.com/mttkay/droid-fu
mttkay/ignition,https://github.com/mttkay/ignition
mucommander/mucommander,https://github.com/mucommander/mucommander
muddz/styleabletoast,https://github.com/muddz/styleabletoast
mulham-raee/horizontal-calendar,https://github.com/mulham-raee/horizontal-calendar
multipaper/multipaper,https://github.com/multipaper/multipaper
multiverse/multiverse-core,https://github.com/multiverse/multiverse-core
mxdldev/android-mvp-mvvm-flytour,https://github.com/mxdldev/android-mvp-mvvm-flytour
mxn21/flowingdrawer,https://github.com/mxn21/flowingdrawer
mybatis-flex/mybatis-flex,https://github.com/mybatis-flex/mybatis-flex
mybatis/mybatis-3,https://github.com/mybatis/mybatis-3
mybatis/spring-boot-starter,https://github.com/mybatis/spring-boot-starter
mycatapache/mycat-server,https://github.com/mycatapache/mycat-server
mycatapache/mycat2,https://github.com/mycatapache/mycat2
mycollab/mycollab,https://github.com/mycollab/mycollab
mywalkb/lsposed_mod,https://github.com/mywalkb/lsposed_mod
mzheravin/exchange-core,https://github.com/mzheravin/exchange-core
mzule/activityrouter,https://github.com/mzule/activityrouter
nacos-group/nacos-examples,https://github.com/nacos-group/nacos-examples
netflix/conductor,https://github.com/netflix/conductor
netflix/curator,https://github.com/netflix/curator
netflix/eureka,https://github.com/netflix/eureka
netflix/evcache,https://github.com/netflix/evcache
netflix/governator,https://github.com/netflix/governator
netflix/hollow,https://github.com/netflix/hollow
Netflix/maestro,https://github.com/Netflix/maestro
netflix/mantis,https://github.com/netflix/mantis
netflix/priam,https://github.com/netflix/priam
netflix/ribbon,https://github.com/netflix/ribbon
netflix/servo,https://github.com/netflix/servo
netflix/simianarmy,https://github.com/netflix/simianarmy
netflix/turbine,https://github.com/netflix/turbine
netflix/zuul,https://github.com/netflix/zuul
netgloo/spring-boot-samples,https://github.com/netgloo/spring-boot-samples
netty/netty,https://github.com/netty/netty
networknt/json-schema-validator,https://github.com/networknt/json-schema-validator
networknt/light-4j,https://github.com/networknt/light-4j
newbee-ltd/newbee-mall-api,https://github.com/newbee-ltd/newbee-mall-api
newbiechen1024/novelreader,https://github.com/newbiechen1024/novelreader
nlpchina/ansj_seg,https://github.com/nlpchina/ansj_seg
nlpchina/nlp-lang,https://github.com/nlpchina/nlp-lang
nntuyen/mkloader,https://github.com/nntuyen/mkloader
nostra13/android-universal-image-loader,https://github.com/nostra13/android-universal-image-loader
notnoop/java-apns,https://github.com/notnoop/java-apns
notsfsssf/pix-ezviewer,https://github.com/notsfsssf/pix-ezviewer
novicezk/midjourney-proxy,https://github.com/novicezk/midjourney-proxy
novoda/android-demos,https://github.com/novoda/android-demos
nshmura/recyclertablayout,https://github.com/nshmura/recyclertablayout
nukkit/nukkit,https://github.com/nukkit/nukkit
nuptboyzhb/superswiperefreshlayout,https://github.com/nuptboyzhb/superswiperefreshlayout
nytimes/store,https://github.com/nytimes/store
oasisfeng/island,https://github.com/oasisfeng/island
objectbox/objectbox-java,https://github.com/objectbox/objectbox-java
obsidiandynamics/kafdrop,https://github.com/obsidiandynamics/kafdrop
ocetnik/react-native-background-timer,https://github.com/ocetnik/react-native-background-timer
ocpsoft/prettytime,https://github.com/ocpsoft/prettytime
oddfar/campus-imaotai,https://github.com/oddfar/campus-imaotai
odpi/egeria,https://github.com/odpi/egeria
oeljeklaus-you/useractionanalyzeplatform,https://github.com/oeljeklaus-you/useractionanalyzeplatform
openfeign/feign,https://github.com/openfeign/feign
opengoofy/hippo4j,https://github.com/opengoofy/hippo4j
openhab/openhab-addons,https://github.com/openhab/openhab-addons
openhab/openhab1-addons,https://github.com/openhab/openhab1-addons
openhft/chronicle-map,https://github.com/openhft/chronicle-map
openhft/chronicle-queue,https://github.com/openhft/chronicle-queue
openhft/java-thread-affinity,https://github.com/openhft/java-thread-affinity
openliberty/open-liberty,https://github.com/openliberty/open-liberty
openlineage/openlineage,https://github.com/openlineage/openlineage
openmessaging/dledger,https://github.com/openmessaging/dledger
openpnp/openpnp,https://github.com/openpnp/openpnp
openrefine/openrefine,https://github.com/openrefine/openrefine
openremote/openremote,https://github.com/openremote/openremote
openrocket/openrocket,https://github.com/openrocket/openrocket
opensearch-project/opensearch,https://github.com/opensearch-project/opensearch
opensolon/solon,https://github.com/opensolon/solon
opensourcebim/bimserver,https://github.com/opensourcebim/bimserver
opentripplanner/opentripplanner,https://github.com/opentripplanner/opentripplanner
opentsdb/opentsdb,https://github.com/opentsdb/opentsdb
openzipkin/brave,https://github.com/openzipkin/brave
palexdev/materialfx,https://github.com/palexdev/materialfx
pansong291/xquickenergy,https://github.com/pansong291/xquickenergy
papermc/starlight,https://github.com/papermc/starlight
parse-community/parse-sdk-android,https://github.com/parse-community/parse-sdk-android
parzulpan/livebox,https://github.com/parzulpan/livebox
pascal-lab/tai-e,https://github.com/pascal-lab/tai-e
patrickfav/uber-apk-signer,https://github.com/patrickfav/uber-apk-signer
payatu/diva-android,https://github.com/payatu/diva-android
pchab/androidrtc,https://github.com/pchab/androidrtc
pchmn/materialchipsinput,https://github.com/pchmn/materialchipsinput
pedrosg94/rtmp-rtsp-stream-client-java,https://github.com/pedrosg94/rtmp-rtsp-stream-client-java
pedrovgs/algorithms,https://github.com/pedrovgs/algorithms
pedrovgs/effectiveandroidui,https://github.com/pedrovgs/effectiveandroidui
peergos/peergos,https://github.com/peergos/peergos
pengjianbo/galleryfinal,https://github.com/pengjianbo/galleryfinal
pengrad/java-telegram-bot-api,https://github.com/pengrad/java-telegram-bot-api
pentaho/mondrian,https://github.com/pentaho/mondrian
pentaho/pentaho-kettle,https://github.com/pentaho/pentaho-kettle
percyliang/sempre,https://github.com/percyliang/sempre
perwendel/spark,https://github.com/perwendel/spark
placeholderapi/placeholderapi,https://github.com/placeholderapi/placeholderapi
plan-player-analytics/plan,https://github.com/plan-player-analytics/plan
plantuml/plantuml,https://github.com/plantuml/plantuml
plantuml/plantuml-server,https://github.com/plantuml/plantuml-server
plattysoft/leonids,https://github.com/plattysoft/leonids
playframework/play1,https://github.com/playframework/play1
playgameservices/android-basic-samples,https://github.com/playgameservices/android-basic-samples
plexpt/chatgpt-java,https://github.com/plexpt/chatgpt-java
plushaze/traynotification,https://github.com/plushaze/traynotification
pmd/pmd,https://github.com/pmd/pmd
pockethub/pockethub,https://github.com/pockethub/pockethub
pojavlauncherteam/pojavlauncher,https://github.com/pojavlauncherteam/pojavlauncher
polardb/polardbx-sql,https://github.com/polardb/polardbx-sql
polidea/rxandroidble,https://github.com/polidea/rxandroidble
polymorphicshade/newpipe,https://github.com/polymorphicshade/newpipe
pomepuyn/blureffectforandroiddesign,https://github.com/pomepuyn/blureffectforandroiddesign
porkstudios/farplanetwo,https://github.com/porkstudios/farplanetwo
powerjob/powerjob,https://github.com/powerjob/powerjob
powermock/powermock,https://github.com/powermock/powermock
pravega/pravega,https://github.com/pravega/pravega
puniverse/quasar,https://github.com/puniverse/quasar
pvorb/npm-stat.com,https://github.com/pvorb/npm-stat.com
pwm-project/pwm,https://github.com/pwm-project/pwm
pxb1988/dex2jar,https://github.com/pxb1988/dex2jar
pytorch/serve,https://github.com/pytorch/serve
q215613905/tvboxos,https://github.com/q215613905/tvboxos
q42/androidscrollingimageview,https://github.com/q42/androidscrollingimageview
qdrzwd/videorecorder,https://github.com/qdrzwd/videorecorder
Qihoo360/hbox,https://github.com/Qihoo360/hbox
qihoo360/quicksql,https://github.com/qihoo360/quicksql
qihoo360/replugin,https://github.com/qihoo360/replugin
qihoo360/xlearning,https://github.com/qihoo360/xlearning
qii/weiciyuan,https://github.com/qii/weiciyuan
qiujiayu/autoloadcache,https://github.com/qiujiayu/autoloadcache
qiujuer/genius-android,https://github.com/qiujuer/genius-android
qnjr-group/easytransaction,https://github.com/qnjr-group/easytransaction
qqxx6661/log-record,https://github.com/qqxx6661/log-record
qstumn/badgeview,https://github.com/qstumn/badgeview
quarkusio/quarkus,https://github.com/quarkusio/quarkus
quarkusio/quarkus-quickstarts,https://github.com/quarkusio/quarkus-quickstarts
react-native-cameraroll/react-native-cameraroll,https://github.com/react-native-cameraroll/react-native-cameraroll
react-native-community/react-native-camera,https://github.com/react-native-community/react-native-camera
react-native-documents/document-picker,https://github.com/react-native-documents/document-picker
react-native-kit/react-native-track-player,https://github.com/react-native-kit/react-native-track-player
react-native-picker/picker,https://github.com/react-native-picker/picker
react-native-share/react-native-share,https://github.com/react-native-share/react-native-share
react-native-svg/react-native-svg,https://github.com/react-native-svg/react-native-svg
react-native-webrtc/react-native-callkeep,https://github.com/react-native-webrtc/react-native-callkeep
reactivex/rxjava,https://github.com/reactivex/rxjava
reactor/reactor-core,https://github.com/reactor/reactor-core
reactor/reactor-netty,https://github.com/reactor/reactor-netty
ReactVision/viro,https://github.com/ReactVision/viro
real-logic/aeron,https://github.com/real-logic/aeron
real-logic/agrona,https://github.com/real-logic/agrona
real-logic/simple-binary-encoding,https://github.com/real-logic/simple-binary-encoding
realm/realm-java,https://github.com/realm/realm-java
reandroid/apkeditor,https://github.com/reandroid/apkeditor
ReChronoRain/Cemiuiler,https://github.com/ReChronoRain/Cemiuiler
recruit-lifestyle/waveswiperefreshlayout,https://github.com/recruit-lifestyle/waveswiperefreshlayout
red5/red5-server,https://github.com/red5/red5-server
rholder/guava-retrying,https://github.com/rholder/guava-retrying
rhwayfun/spring-boot-learning-examples,https://github.com/rhwayfun/spring-boot-learning-examples
ribot/android-boilerplate,https://github.com/ribot/android-boilerplate
richardwarburton/java-8-lambdas-exercises,https://github.com/richardwarburton/java-8-lambdas-exercises
rikkaapps/shizuku-api,https://github.com/rikkaapps/shizuku-api
rikkaapps/sui,https://github.com/rikkaapps/sui
ripmeapp/ripme,https://github.com/ripmeapp/ripme
rkkr/simple-keyboard,https://github.com/rkkr/simple-keyboard
rnmods/react-native-document-picker,https://github.com/rnmods/react-native-document-picker
roaringbitmap/roaringbitmap,https://github.com/roaringbitmap/roaringbitmap
robinhood/spark,https://github.com/robinhood/spark
robinhood/ticker,https://github.com/robinhood/ticker
roboguice/roboguice,https://github.com/roboguice/roboguice
robolectric/robolectric,https://github.com/robolectric/robolectric
rockerhieu/emojicon,https://github.com/rockerhieu/emojicon
rodneyshag/hackerrank_solutions,https://github.com/rodneyshag/hackerrank_solutions
rohitawate/everest,https://github.com/rohitawate/everest
rohitghatol/spring-boot-microservices,https://github.com/rohitghatol/spring-boot-microservices
rom1v/sndcpy,https://github.com/rom1v/sndcpy
romainguy/google-io-2014,https://github.com/romainguy/google-io-2014
saki4510t/audiovideorecordingsample,https://github.com/saki4510t/audiovideorecordingsample
salesforce/reactive-grpc,https://github.com/salesforce/reactive-grpc
samlss/broccoli,https://github.com/samlss/broccoli
samskivert/jmustache,https://github.com/samskivert/jmustache
sannies/mp4parser,https://github.com/sannies/mp4parser
sanshengshui/netty-learning-example,https://github.com/sanshengshui/netty-learning-example
saraSakuHj/Cemiuiler,https://github.com/saraSakuHj/Cemiuiler
sarxos/webcam-capture,https://github.com/sarxos/webcam-capture
saulmm/avengers,https://github.com/saulmm/avengers
saulmm/coordinatorexamples,https://github.com/saulmm/coordinatorexamples
saulmm/material-movies,https://github.com/saulmm/material-movies
sayyam/carouselview,https://github.com/sayyam/carouselview
sbugert/react-native-admob,https://github.com/sbugert/react-native-admob
scobal/seyren,https://github.com/scobal/seyren
scribejava/scribejava,https://github.com/scribejava/scribejava
scwang90/smartrefreshlayout,https://github.com/scwang90/smartrefreshlayout
searchbox-io/jest,https://github.com/searchbox-io/jest
seata/seata,https://github.com/seata/seata
seata/seata-samples,https://github.com/seata/seata-samples
secure-software-engineering/flowdroid,https://github.com/secure-software-engineering/flowdroid
shawnlin013/numberpicker,https://github.com/shawnlin013/numberpicker
shehuan/niceimageview,https://github.com/shehuan/niceimageview
shekhargulati/99-problems,https://github.com/shekhargulati/99-problems
sherxon/algods,https://github.com/sherxon/algods
shibing624/similarity,https://github.com/shibing624/similarity
shts/storiesprogressview,https://github.com/shts/storiesprogressview
shuhart/stepview,https://github.com/shuhart/stepview
shulietech/takin,https://github.com/shulietech/takin
shuzheng/zheng,https://github.com/shuzheng/zheng
shuzijun/leetcode-editor,https://github.com/shuzijun/leetcode-editor
shwenzhang/andresguard,https://github.com/shwenzhang/andresguard
shzlw/poli,https://github.com/shzlw/poli
siaorg/sia-task,https://github.com/siaorg/sia-task
siavash79/aospmods,https://github.com/siavash79/aospmods
siavash79/PixelXpert,https://github.com/siavash79/PixelXpert
signalapp/libsignal-protocol-java,https://github.com/signalapp/libsignal-protocol-java
siguiyang/spring-cloud-shop,https://github.com/siguiyang/spring-cloud-shop
simon987/much-assembly-required,https://github.com/simon987/much-assembly-required
singwhatiwanna/android-art-res,https://github.com/singwhatiwanna/android-art-res
singwhatiwanna/dynamic-load-apk,https://github.com/singwhatiwanna/dynamic-load-apk
snailclimb/javaguide,https://github.com/snailclimb/javaguide
soabase/exhibitor,https://github.com/soabase/exhibitor
sockeqwe/adapterdelegates,https://github.com/sockeqwe/adapterdelegates
sockeqwe/fragmentargs,https://github.com/sockeqwe/fragmentargs
sockeqwe/mosby,https://github.com/sockeqwe/mosby
sofastack/sofa-bolt,https://github.com/sofastack/sofa-bolt
sofastack/sofa-jarslink,https://github.com/sofastack/sofa-jarslink
software-mansion/react-native-svg,https://github.com/software-mansion/react-native-svg
sohutv/cachecloud,https://github.com/sohutv/cachecloud
sohutv/mqcloud,https://github.com/sohutv/mqcloud
sonaropencommunity/sonar-cxx,https://github.com/sonaropencommunity/sonar-cxx
sonarsource/sonar-java,https://github.com/sonarsource/sonar-java
soniccloudorg/sonic-agent,https://github.com/soniccloudorg/sonic-agent
soniccloudorg/sonic-server,https://github.com/soniccloudorg/sonic-server
soot-oss/soot,https://github.com/soot-oss/soot
sparrowwallet/sparrow,https://github.com/sparrowwallet/sparrow
specialcyci/androidresidemenu,https://github.com/specialcyci/androidresidemenu
speedment/speedment,https://github.com/speedment/speedment
spencerpark/ijava,https://github.com/spencerpark/ijava
splware/esproc,https://github.com/splware/esproc
spring-projects/spring-ai,https://github.com/spring-projects/spring-ai
spring-projects/spring-authorization-server,https://github.com/spring-projects/spring-authorization-server
spring-projects/spring-batch,https://github.com/spring-projects/spring-batch
spring-projects/spring-boot,https://github.com/spring-projects/spring-boot
spring-projects/spring-data-elasticsearch,https://github.com/spring-projects/spring-data-elasticsearch
spring-projects/spring-framework,https://github.com/spring-projects/spring-framework
spring-projects/spring-graphql,https://github.com/spring-projects/spring-graphql
spring-projects/spring-integration,https://github.com/spring-projects/spring-integration
spring-projects/spring-kafka,https://github.com/spring-projects/spring-kafka
spring-projects/spring-loaded,https://github.com/spring-projects/spring-loaded
spring-projects/spring-modulith,https://github.com/spring-projects/spring-modulith
spring-projects/spring-restdocs,https://github.com/spring-projects/spring-restdocs
spring-projects/spring-security,https://github.com/spring-projects/spring-security
spring-projects/spring-session,https://github.com/spring-projects/spring-session
spring-projects/sts4,https://github.com/spring-projects/sts4
spring2go/staffjoy,https://github.com/spring2go/staffjoy
springcloud/moss,https://github.com/springcloud/moss
springcloud/spring-cloud-code,https://github.com/springcloud/spring-cloud-code
springforall/spring-boot-starter-swagger,https://github.com/springforall/spring-boot-starter-swagger
springfox/springfox,https://github.com/springfox/springfox
Stirling-Tools/Stirling-PDF,https://github.com/Stirling-Tools/Stirling-PDF
stripe/stripe-java,https://github.com/stripe/stripe-java
structurizr/java,https://github.com/structurizr/java
subhra74/snowflake,https://github.com/subhra74/snowflake
sucese/android-open-source-project-analysis,https://github.com/sucese/android-open-source-project-analysis
sucese/phoenix,https://github.com/sucese/phoenix
sujithkanna/smileyrating,https://github.com/sujithkanna/smileyrating
sukritishah15/ds-algo-point,https://github.com/sukritishah15/ds-algo-point
sundeepk/compactcalendarview,https://github.com/sundeepk/compactcalendarview
superhj1987/pragmatic-java-engineer,https://github.com/superhj1987/pragmatic-java-engineer
supertokens/supertokens-core,https://github.com/supertokens/supertokens-core
Suwayomi/Suwayomi-Server,https://github.com/Suwayomi/Suwayomi-Server
suwayomi/tachidesk-server,https://github.com/suwayomi/tachidesk-server
swagger-api/swagger-core,https://github.com/swagger-api/swagger-core
swaldman/c3p0,https://github.com/swaldman/c3p0
swati4star/images-to-pdf,https://github.com/swati4star/images-to-pdf
sword-org/wechat4j,https://github.com/sword-org/wechat4j
sylvainhalle/textidote,https://github.com/sylvainhalle/textidote
syncany/syncany,https://github.com/syncany/syncany
syncthing/syncthing-android,https://github.com/syncthing/syncthing-android
teamnewpipe/newpipeextractor,https://github.com/teamnewpipe/newpipeextractor
teamvanced/vancedmicrog,https://github.com/teamvanced/vancedmicrog
techempower/frameworkbenchmarks,https://github.com/techempower/frameworkbenchmarks
tencent/apijson,https://github.com/tencent/apijson
tencent/matrix,https://github.com/tencent/matrix
tencent/qmui_android,https://github.com/tencent/qmui_android
tencent/soter,https://github.com/tencent/soter
tencent/tencentkona-8,https://github.com/tencent/tencentkona-8
tencent/tinker,https://github.com/tencent/tinker
tencent/tubemq,https://github.com/tencent/tubemq
tencent/vasdolly,https://github.com/tencent/vasdolly
tencent/vassonic,https://github.com/tencent/vassonic
tencentblueking/bk-job,https://github.com/tencentblueking/bk-job
tencentmusic/supersonic,https://github.com/tencentmusic/supersonic
termux/termux-app,https://github.com/termux/termux-app
testfx/testfx,https://github.com/testfx/testfx
testng-team/testng,https://github.com/testng-team/testng
the3deer/android-3d-model-viewer,https://github.com/the3deer/android-3d-model-viewer
theokanning/openai-java,https://github.com/theokanning/openai-java
thepranaygupta/data-structures-and-algorithms,https://github.com/thepranaygupta/data-structures-and-algorithms
todotxt/todo.txt-android,https://github.com/todotxt/todo.txt-android
togetheros/cicada,https://github.com/togetheros/cicada
togglz/togglz,https://github.com/togglz/togglz
tomakehurst/wiremock,https://github.com/tomakehurst/wiremock
tomoya92/pybbs,https://github.com/tomoya92/pybbs
tomroush/pdfbox-android,https://github.com/tomroush/pdfbox-android
TongchengOpenSource/smart-doc,https://github.com/TongchengOpenSource/smart-doc
tonikelope/megabasterd,https://github.com/tonikelope/megabasterd
tony19/logback-android,https://github.com/tony19/logback-android
toolbox4minecraft/amidst,https://github.com/toolbox4minecraft/amidst
tootallnate/java-websocket,https://github.com/tootallnate/java-websocket
torakiki/pdfsam,https://github.com/torakiki/pdfsam
tourenathan-g5organisation/silicompressor,https://github.com/tourenathan-g5organisation/silicompressor
traex/calendarlistview,https://github.com/traex/calendarlistview
traex/expandablelayout,https://github.com/traex/expandablelayout
traex/rippleeffect,https://github.com/traex/rippleeffect
treasure-data/digdag,https://github.com/treasure-data/digdag
TrianguloY/URLCheck,https://github.com/TrianguloY/URLCheck
trianguloy/urlchecker,https://github.com/trianguloy/urlchecker
trinea/android-auto-scroll-view-pager,https://github.com/trinea/android-auto-scroll-view-pager
udacity/ud851-sunshine,https://github.com/udacity/ud851-sunshine
ukanth/afwall,https://github.com/ukanth/afwall
ulisesbocchio/jasypt-spring-boot,https://github.com/ulisesbocchio/jasypt-spring-boot
umano/androidslidinguppanel,https://github.com/umano/androidslidinguppanel
unclebob/fitnesse,https://github.com/unclebob/fitnesse
universalmediaserver/universalmediaserver,https://github.com/universalmediaserver/universalmediaserver
ushahidi/smssync,https://github.com/ushahidi/smssync
valarchie/agileboot-back-end,https://github.com/valarchie/agileboot-back-end
validator/validator,https://github.com/validator/validator
varunest/sparkbutton,https://github.com/varunest/sparkbutton
vaticle/typedb,https://github.com/vaticle/typedb
vaughnvernon/iddd_samples,https://github.com/vaughnvernon/iddd_samples
vazkii/botania,https://github.com/vazkii/botania
vazkiismods/botania,https://github.com/vazkiismods/botania
vdurmont/emoji-java,https://github.com/vdurmont/emoji-java
vector-im/riot-android,https://github.com/vector-im/riot-android
vedenin/useful-java-links,https://github.com/vedenin/useful-java-links
veracode-research/rogue-jndi,https://github.com/veracode-research/rogue-jndi
verbalexpressions/javaverbalexpressions,https://github.com/verbalexpressions/javaverbalexpressions
vertaai/modeldb,https://github.com/vertaai/modeldb
w3c/epubcheck,https://github.com/w3c/epubcheck
w446108264/scrollablelayout,https://github.com/w446108264/scrollablelayout
wangdayeeeeee/geometricweather,https://github.com/wangdayeeeeee/geometricweather
wangzheng0822/ratelimiter4j,https://github.com/wangzheng0822/ratelimiter4j
warkiz/indicatorseekbar,https://github.com/warkiz/indicatorseekbar
warmuuh/milkman,https://github.com/warmuuh/milkman
wasabeef/blurry,https://github.com/wasabeef/blurry
wasabeef/glide-transformations,https://github.com/wasabeef/glide-transformations
wasabeef/richeditor-android,https://github.com/wasabeef/richeditor-android
wasabi1234/java-concurrency-progamming-tutorial,https://github.com/wasabi1234/java-concurrency-progamming-tutorial
watabou/pixel-dungeon,https://github.com/watabou/pixel-dungeon
wdullaer/materialdatetimepicker,https://github.com/wdullaer/materialdatetimepicker
web3j/web3j,https://github.com/web3j/web3j
webankfintech/linkis,https://github.com/WeBankFinTech/Linkis-Doc
webankfintech/weidentity,https://github.com/webankfintech/weidentity
webbit/webbit,https://github.com/webbit/webbit
webbukkit/dynmap,https://github.com/webbukkit/dynmap
webjournal/journaldev,https://github.com/webjournal/journaldev
wechatpay-apiv3/wechatpay-java,https://github.com/wechatpay-apiv3/wechatpay-java
weibocom/motan,https://github.com/weibocom/motan
winder/universal-g-code-sender,https://github.com/winder/universal-g-code-sender
winterchens/my-site,https://github.com/winterchens/my-site
wix/react-native-notifications,https://github.com/wix/react-native-notifications
wiztools/rest-client,https://github.com/wiztools/rest-client
wkeyuan/dwsurvey,https://github.com/wkeyuan/dwsurvey
wmcmahan/react-native-calendar-events,https://github.com/wmcmahan/react-native-calendar-events
worldql/mammoth,https://github.com/worldql/mammoth
wso2/product-apim,https://github.com/wso2/product-apim
wstrange/googleauth,https://github.com/wstrange/googleauth
wuapnjie/stickerview,https://github.com/wuapnjie/stickerview
wunderlist/android-sliding-layer-lib,https://github.com/wunderlist/android-sliding-layer-lib
wupeixuan/jdksourcecode1.8,https://github.com/wupeixuan/jdksourcecode1.8
wurst-imperium/wurst7,https://github.com/wurst-imperium/wurst7
wuyouzhuguli/springall,https://github.com/wuyouzhuguli/springall
wxiaoqi/spring-cloud-platform,https://github.com/wxiaoqi/spring-cloud-platform
wyh-spring-ecosystem-student/spring-boot-student,https://github.com/wyh-spring-ecosystem-student/spring-boot-student
wyouflf/xutils3,https://github.com/wyouflf/xutils3
x0b/rcx,https://github.com/x0b/rcx
xaecbd/kcenter,https://github.com/xaecbd/kcenter
xcollateral/vulkanmod,https://github.com/xcollateral/vulkanmod
xuwujing/java-study,https://github.com/xuwujing/java-study
xuxueli/xxl-api,https://github.com/xuxueli/xxl-api
xuxueli/xxl-job,https://github.com/xuxueli/xxl-job
xuxueli/xxl-sso,https://github.com/xuxueli/xxl-sso
yahoo/egads,https://github.com/yahoo/egads
yahoo/squidb,https://github.com/yahoo/squidb/wiki
yalantis/phoenix,https://github.com/yalantis/phoenix
yalantis/side-menu.android,https://github.com/yalantis/side-menu.android
yalantis/starwars.android,https://github.com/yalantis/starwars.android
yalantis/taurus,https://github.com/yalantis/taurus
yale8848/cachewebview,https://github.com/yale8848/cachewebview
yangchong211/ycwebview,https://github.com/yangchong211/ycwebview
yangfuhai/asimplecache,https://github.com/yangfuhai/asimplecache
yangzongzhuan/ruoyi-cloud,https://github.com/yangzongzhuan/ruoyi-cloud
yangzongzhuan/ruoyi-vue,https://github.com/yangzongzhuan/ruoyi-vue
yangzongzhuan/ruoyi-vue-fast,https://github.com/yangzongzhuan/ruoyi-vue-fast
yanzhenjie/album,https://github.com/yanzhenjie/Album
yanzhenjie/andpermission,https://github.com/yanzhenjie/andpermission
yanzhenjie/sofia,https://github.com/yanzhenjie/Sofia
yanzhenjie/swiperecyclerview,https://github.com/yanzhenjie/SwipeRecyclerView
yunaiv/ruoyi-vue-pro,https://github.com/yunaiv/ruoyi-vue-pro
yurishkuro/opentracing-tutorial,https://github.com/yurishkuro/opentracing-tutorial
yusugomori/deeplearning,https://github.com/yusugomori/deeplearning
yuyakaido/cardstackview,https://github.com/yuyakaido/cardstackview
yuzhiqiang1993/zxing,https://github.com/yuzhiqiang1993/zxing
zaihuishou/expandablerecyclerview,https://github.com/zaihuishou/expandablerecyclerview
zainzhao/his,https://github.com/zainzhao/his
zalando/nakadi,https://github.com/zalando/nakadi
zaproxy/zap-extensions,https://github.com/zaproxy/zap-extensions
zaproxy/zaproxy,https://github.com/zaproxy/zaproxy
zcweng/togglebutton,https://github.com/zcweng/togglebutton
zendesk/android-floating-action-button,https://github.com/zendesk/android-floating-action-button
zephery/newblog,https://github.com/zephery/newblog
zeromq/jeromq,https://github.com/zeromq/jeromq
zfdang/android-touch-helper,https://github.com/zfdang/android-touch-helper
zfile-dev/zfile,https://github.com/zfile-dev/zfile
zhangdaiscott/jeecg,https://github.com/zhangdaiscott/jeecg
zhangdaiscott/jeecg-boot,https://github.com/zhangdaiscott/jeecg-boot
zhangdaiscott/jimureport,https://github.com/zhangdaiscott/jimureport
zhanghai/materialprogressbar,https://github.com/zhanghai/materialprogressbar
ZongXR/SuperMarket,https://github.com/ZongXR/SuperMarket
zongzibinbin/mallchat,https://github.com/zongzibinbin/mallchat
zq2599/blog_demos,https://github.com/zq2599/blog_demos
zstackio/zstack,https://github.com/zstackio/zstack
zwwill/yanxuan-weex-demo,https://github.com/zwwill/blog/issues/3
zxing/zxing,https://github.com/zxing/zxing
zzhoujay/richtext,https://github.com/zzhoujay/richtext
zzz40500/android-shapeloadingview,https://github.com/zzz40500/android-shapeloadingview
zzz40500/androidsweetsheet,https://github.com/zzz40500/androidsweetsheet
zzz40500/gsonformat,https://github.com/zzz40500/gsonformat
